TECHNIQUE,COUNT,MODE,MEAN,STANDARD DEVIATION,MIN,Q1,MEDIAN,Q3,MAX
Manual,24505,0.3,1.0707863334013468,1.8544085638843213,0.0,0.3601,0.61,1.17,143.3169
FG BG Sep,160106,0.03,0.13062712959467074,0.23746818095774083,0.0230385487528339,0.0316780045351521,0.0575963718820915,0.1382312925170055,17.07444444444444
Microfaune,7419,1.52,3.848667345807893,4.437373836768819,0.8427891156462585,1.5927891156462586,2.358299319727891,4.283673469387755,135.1026530612245
Tweetynet,31345,0.05,1.378788204787678,5.704164173321953,0.0232558139534883,0.1860465116279073,0.4651162790697754,1.0,178.0
